Entity,Code,Year,"Total employment in tourism industries per 1,000 people"
Albania,ALB,2004,4.840799
Albania,ALB,2005,5.0712643
Albania,ALB,2006,5.473965
Albania,ALB,2007,6.0868964
Albania,ALB,2008,5.847107
Albania,ALB,2009,6.3143954
Albania,ALB,2010,7.511786
Albania,ALB,2011,7.796671
Albania,ALB,2012,7.3539443
Albania,ALB,2013,8.701421
Albania,ALB,2014,9.195013
Albania,ALB,2015,10.004712
Albania,ALB,2016,13.527186
Albania,ALB,2017,15.043587
Albania,ALB,2018,16.135557
Albania,ALB,2019,18.024195
Albania,ALB,2020,14.763488
Albania,ALB,2021,15.278363
Algeria,DZA,2015,5.7471943
Algeria,DZA,2016,6.609431
Algeria,DZA,2017,7.1960907
Algeria,DZA,2018,7.2462006
Algeria,DZA,2019,7.3912306
Angola,AGO,2007,3.4722793
Angola,AGO,2008,4.7605376
Angola,AGO,2009,6.006797
Angola,AGO,2010,5.961282
Angola,AGO,2011,6.010482
Angola,AGO,2012,6.2736425
Angola,AGO,2013,6.6299987
Angola,AGO,2014,7.4654
Angola,AGO,2015,7.78825
Angola,AGO,2016,7.572883
Angola,AGO,2017,7.375598
Angola,AGO,2018,11.339687
Angola,AGO,2019,6.6562405
Angola,AGO,2020,5.410877
Angola,AGO,2021,5.299367
Angola,AGO,2022,5.387957
Argentina,ARG,2010,24.088919
Argentina,ARG,2011,23.72117
Argentina,ARG,2012,23.777494
Argentina,ARG,2013,24.932806
Argentina,ARG,2014,23.565878
Argentina,ARG,2016,28.387144
Argentina,ARG,2017,28.76293
Argentina,ARG,2018,28.466265
Argentina,ARG,2019,28.008087
Australia,AUS,2005,25.711412
Australia,AUS,2006,25.113441
Australia,AUS,2007,25.163992
Australia,AUS,2008,24.739601
Australia,AUS,2009,24.381382
Australia,AUS,2010,24.673033
Australia,AUS,2011,24.604334
Australia,AUS,2012,24.719236
Australia,AUS,2013,25.2278
Australia,AUS,2014,24.99195
Australia,AUS,2015,25.542847
Australia,AUS,2016,26.161158
Australia,AUS,2017,26.266582
Australia,AUS,2018,27.452557
Australia,AUS,2019,27.512768
Australia,AUS,2020,23.454203
Australia,AUS,2021,15.895877
Australia,AUS,2022,19.136684
Austria,AUT,2003,25.41057
Austria,AUT,2004,25.252352
Austria,AUT,2005,25.23938
Austria,AUT,2007,25.864933
Austria,AUT,2008,29.459646
Austria,AUT,2009,29.154928
Austria,AUT,2010,30.2328
Austria,AUT,2011,30.262335
Austria,AUT,2012,31.073584
Austria,AUT,2013,31.893278
Austria,AUT,2018,22.574965
Austria,AUT,2019,23.18465
Austria,AUT,2020,14.414776
Austria,AUT,2021,12.021787
Azerbaijan,AZE,2005,0.5511066
Azerbaijan,AZE,2006,0.58739257
Azerbaijan,AZE,2007,0.66309386
Azerbaijan,AZE,2008,0.75928384
Azerbaijan,AZE,2009,0.8102728
Azerbaijan,AZE,2010,4.027506
Azerbaijan,AZE,2011,4.066375
Azerbaijan,AZE,2012,4.1435857
Azerbaijan,AZE,2013,4.291478
Azerbaijan,AZE,2014,4.3400903
Azerbaijan,AZE,2015,5.0702057
Azerbaijan,AZE,2016,4.4056635
Azerbaijan,AZE,2017,4.6984954
Azerbaijan,AZE,2018,5.3361716
Azerbaijan,AZE,2019,5.884981
Azerbaijan,AZE,2020,4.809003
Azerbaijan,AZE,2021,5.2470245
Azerbaijan,AZE,2022,6.1260924
Bahrain,BHR,2012,14.798895
Bahrain,BHR,2013,15.112877
Bahrain,BHR,2014,15.995649
Bahrain,BHR,2015,16.792538
Bahrain,BHR,2016,13.98984
Bahrain,BHR,2017,43.1848
Bahrain,BHR,2018,48.743553
Bahrain,BHR,2019,51.155197
Bahrain,BHR,2020,45.8505
Bahrain,BHR,2021,47.277798
Bahrain,BHR,2022,67.168365
Belarus,BLR,1998,2.6883376
Belarus,BLR,1999,2.8289049
Belarus,BLR,2000,3.2928615
Belarus,BLR,2001,3.3910012
Belarus,BLR,2002,3.3422964
Belarus,BLR,2003,3.3152525
Belarus,BLR,2004,3.3487108
Belarus,BLR,2005,3.2065096
Belarus,BLR,2006,3.4138072
Belarus,BLR,2007,3.5657763
Belarus,BLR,2008,2.885819
Belarus,BLR,2009,2.9766493
Belarus,BLR,2010,24.002314
Belarus,BLR,2011,24.090183
Belarus,BLR,2012,23.882301
Belarus,BLR,2013,23.815426
Belarus,BLR,2014,23.931921
Belarus,BLR,2015,23.42081
Belarus,BLR,2016,25.560408
Belarus,BLR,2017,25.48497
Belarus,BLR,2018,26.961937
Belarus,BLR,2019,27.322592
Belarus,BLR,2020,20.896288
Belarus,BLR,2021,20.764496
Belarus,BLR,2022,20.690617
Belgium,BEL,2009,12.757867
Belgium,BEL,2010,12.711241
Belize,BLZ,2006,48.282497
Belize,BLZ,2007,53.019585
Belize,BLZ,2010,41.217026
Belize,BLZ,2011,40.329235
Belize,BLZ,2012,46.348763
Belize,BLZ,2013,55.3222
Belize,BLZ,2014,55.02473
Belize,BLZ,2015,55.048393
Belize,BLZ,2016,57.22245
Belize,BLZ,2017,59.188404
Belize,BLZ,2018,60.549873
Belize,BLZ,2019,61.02381
Belize,BLZ,2020,43.948734
Belize,BLZ,2021,39.711147
Bosnia and Herzegovina,BIH,2011,7.376131
Bosnia and Herzegovina,BIH,2012,7.247741
Bosnia and Herzegovina,BIH,2013,6.037348
Bosnia and Herzegovina,BIH,2014,6.788541
Bosnia and Herzegovina,BIH,2015,6.991534
Bosnia and Herzegovina,BIH,2016,10.336893
Bosnia and Herzegovina,BIH,2017,11.491289
Bosnia and Herzegovina,BIH,2018,12.22321
Bosnia and Herzegovina,BIH,2019,12.8828535
Bosnia and Herzegovina,BIH,2020,12.002357
Bosnia and Herzegovina,BIH,2021,11.982143
Bosnia and Herzegovina,BIH,2022,12.683467
Brazil,BRA,2005,9.158684
Brazil,BRA,2006,9.30014
Brazil,BRA,2007,9.551726
Brazil,BRA,2008,9.8394
Brazil,BRA,2009,9.936487
Brazil,BRA,2010,10.301394
Brazil,BRA,2011,10.510807
Brazil,BRA,2012,10.461909
Brazil,BRA,2013,9.7688265
Brazil,BRA,2014,10.221149
Brazil,BRA,2015,10.288307
Brazil,BRA,2016,10.478889
Brazil,BRA,2017,10.395726
Brazil,BRA,2018,10.59129
Brazil,BRA,2019,10.567087
Brunei,BRN,2013,6.079693
Brunei,BRN,2014,6.4785953
Brunei,BRN,2015,6.6315665
Brunei,BRN,2016,6.7824993
Brunei,BRN,2017,7.0843163
Brunei,BRN,2018,6.9367833
Brunei,BRN,2019,7.271454
Brunei,BRN,2020,6.776767
Brunei,BRN,2021,6.8847656
Cameroon,CMR,2008,1.1844481
Cameroon,CMR,2009,1.2033079
Cameroon,CMR,2010,1.3778683
Cameroon,CMR,2011,1.334499
Cameroon,CMR,2012,1.3647593
Cayman Islands,CYM,2007,140.81956
Cayman Islands,CYM,2008,175.86713
Cayman Islands,CYM,2009,151.97858
Cayman Islands,CYM,2010,147.81966
Cayman Islands,CYM,2011,143.8073
Cayman Islands,CYM,2012,192.4591
Chile,CHL,2005,12.588096
Chile,CHL,2006,13.265335
Chile,CHL,2007,13.609995
Chile,CHL,2008,14.781175
Chile,CHL,2009,16.020243
Chile,CHL,2010,15.540004
Chile,CHL,2011,16.528536
Chile,CHL,2012,21.827585
Chile,CHL,2013,22.078356
Chile,CHL,2014,22.133663
Chile,CHL,2015,22.623468
Chile,CHL,2016,23.731026
Chile,CHL,2017,24.274109
Chile,CHL,2018,33.684105
Chile,CHL,2019,33.639362
Chile,CHL,2020,23.566616
Chile,CHL,2021,25.904175
Chile,CHL,2022,30.056719
Comoros,COM,2019,2.5426466
Comoros,COM,2020,1.2466154
Comoros,COM,2021,2.0777874
Congo,COG,2013,4.5590954
Congo,COG,2014,5.084521
Congo,COG,2015,5.2377763
Congo,COG,2016,5.0933022
Congo,COG,2017,1.9809333
Congo,COG,2018,1.3678324
Costa Rica,CRI,2013,31.911602
Costa Rica,CRI,2014,31.024982
Costa Rica,CRI,2015,32.50281
Costa Rica,CRI,2016,31.312904
Costa Rica,CRI,2017,31.608875
Costa Rica,CRI,2018,32.473995
Costa Rica,CRI,2019,34.183083
Costa Rica,CRI,2020,25.326147
Costa Rica,CRI,2021,29.739973
Costa Rica,CRI,2022,33.295525
Cote d'Ivoire,CIV,2016,4.347618
Cote d'Ivoire,CIV,2017,4.529918
Cote d'Ivoire,CIV,2018,4.4093804
Cote d'Ivoire,CIV,2019,4.5685077
Cote d'Ivoire,CIV,2020,4.589242
Cote d'Ivoire,CIV,2021,4.6356688
Cote d'Ivoire,CIV,2022,4.875801
Croatia,HRV,2006,11.469479
Croatia,HRV,2007,12.233665
Croatia,HRV,2008,12.863197
Croatia,HRV,2009,11.993865
Croatia,HRV,2010,11.950293
Croatia,HRV,2011,12.310705
Croatia,HRV,2012,12.889645
Croatia,HRV,2013,13.176495
Croatia,HRV,2014,14.812234
Croatia,HRV,2015,14.65199
Croatia,HRV,2016,17.744736
Croatia,HRV,2017,19.489124
Croatia,HRV,2018,21.516233
Croatia,HRV,2019,22.978483
Croatia,HRV,2020,19.853535
Croatia,HRV,2021,20.435167
Croatia,HRV,2022,23.393723
Cyprus,CYP,2003,45.218086
Cyprus,CYP,2004,45.66376
Cyprus,CYP,2005,46.662857
Cyprus,CYP,2006,46.518288
Cyprus,CYP,2007,46.88052
Cyprus,CYP,2008,36.080616
Cyprus,CYP,2009,34.346306
Cyprus,CYP,2010,34.969933
Cyprus,CYP,2011,33.826633
Cyprus,CYP,2012,32.349323
Cyprus,CYP,2013,29.647799
Cyprus,CYP,2014,31.535872
Cyprus,CYP,2015,32.308216
Cyprus,CYP,2016,34.677483
Cyprus,CYP,2017,36.834057
Czechia,CZE,2003,22.783697
Czechia,CZE,2004,22.693766
Czechia,CZE,2005,22.73351
Czechia,CZE,2006,22.46319
Czechia,CZE,2007,22.831774
Czechia,CZE,2008,23.244226
Czechia,CZE,2009,22.982372
Czechia,CZE,2010,22.51223
Czechia,CZE,2011,22.161861
Czechia,CZE,2012,21.851393
Czechia,CZE,2013,21.759907
Czechia,CZE,2014,21.393772
Czechia,CZE,2015,21.77346
Czechia,CZE,2016,22.151651
Czechia,CZE,2017,22.65366
Czechia,CZE,2018,22.806759
Czechia,CZE,2019,22.700417
Czechia,CZE,2020,22.632898
Czechia,CZE,2021,20.435522
Denmark,DNK,2006,29.94947
Denmark,DNK,2007,30.85101
Denmark,DNK,2008,27.831566
Denmark,DNK,2009,26.379784
Denmark,DNK,2010,26.622854
Denmark,DNK,2011,27.105389
Denmark,DNK,2012,28.344515
Denmark,DNK,2013,28.29752
Denmark,DNK,2014,30.463722
Denmark,DNK,2015,31.663893
Denmark,DNK,2016,32.81993
Denmark,DNK,2017,33.5026
Denmark,DNK,2018,34.064205
Denmark,DNK,2019,34.602444
Denmark,DNK,2020,28.740318
Denmark,DNK,2021,34.285088
Denmark,DNK,2022,35.152206
Djibouti,DJI,2021,1.4724624
Djibouti,DJI,2022,1.6638803
Dominican Republic,DOM,2005,18.655756
Dominican Republic,DOM,2006,20.158037
Dominican Republic,DOM,2007,20.125505
Dominican Republic,DOM,2008,20.421732
Dominican Republic,DOM,2009,20.236671
Dominican Republic,DOM,2010,19.897802
Dominican Republic,DOM,2011,19.586506
Dominican Republic,DOM,2012,19.979328
Dominican Republic,DOM,2013,21.238321
Dominican Republic,DOM,2014,21.317387
Dominican Republic,DOM,2015,24.360731
Dominican Republic,DOM,2016,29.86325
Dominican Republic,DOM,2017,15.009123
Dominican Republic,DOM,2018,15.627829
Dominican Republic,DOM,2019,16.008749
Dominican Republic,DOM,2020,9.928874
Dominican Republic,DOM,2021,17.045025
Dominican Republic,DOM,2022,16.321283
Ecuador,ECU,1995,4.2547708
Ecuador,ECU,1996,4.12473
Ecuador,ECU,1997,4.277238
Ecuador,ECU,1998,4.4621797
Ecuador,ECU,1999,4.446627
Ecuador,ECU,2000,4.455516
Ecuador,ECU,2001,4.663948
Ecuador,ECU,2002,4.762197
Ecuador,ECU,2003,5.0197783
Ecuador,ECU,2004,5.022816
Ecuador,ECU,2005,5.2076526
Ecuador,ECU,2006,5.5750556
Ecuador,ECU,2007,5.3760324
Ecuador,ECU,2008,5.8090453
Ecuador,ECU,2009,6.0802135
Ecuador,ECU,2010,6.1551943
Ecuador,ECU,2011,6.681355
Ecuador,ECU,2012,6.8262696
Ecuador,ECU,2013,7.218261
Ecuador,ECU,2014,7.614533
Ecuador,ECU,2015,8.299403
Ecuador,ECU,2016,8.251974
Ecuador,ECU,2017,7.8820896
Ecuador,ECU,2018,7.888775
Ecuador,ECU,2019,7.756624
Ecuador,ECU,2020,5.162869
Ecuador,ECU,2021,6.7616744
Ecuador,ECU,2022,2.7606192
Egypt,EGY,2010,18.432426
Egypt,EGY,2011,18.168232
Egypt,EGY,2012,18.319899
Egypt,EGY,2013,17.81954
Egypt,EGY,2014,17.963951
Egypt,EGY,2015,20.010576
El Salvador,SLV,2007,7.0052013
El Salvador,SLV,2008,7.0157375
El Salvador,SLV,2009,6.745715
El Salvador,SLV,2010,6.739996
El Salvador,SLV,2011,7.011347
El Salvador,SLV,2012,7.2947607
El Salvador,SLV,2013,7.4281073
El Salvador,SLV,2014,7.8533792
El Salvador,SLV,2015,7.8755755
El Salvador,SLV,2016,8.063465
El Salvador,SLV,2017,8.417105
El Salvador,SLV,2018,8.842724
El Salvador,SLV,2019,9.176647
El Salvador,SLV,2020,8.372524
El Salvador,SLV,2021,8.935737
El Salvador,SLV,2022,10.110956
Estonia,EST,2005,12.916588
Estonia,EST,2006,14.774833
Estonia,EST,2007,16.260054
Estonia,EST,2008,16.52858
Estonia,EST,2009,14.911639
Estonia,EST,2010,14.795899
Estonia,EST,2011,15.218108
Estonia,EST,2012,15.877636
Estonia,EST,2013,16.617094
Estonia,EST,2014,17.954182
Estonia,EST,2015,19.16962
Estonia,EST,2016,20.063078
Estonia,EST,2017,21.405312
Estonia,EST,2018,20.272743
Estonia,EST,2019,21.40453
Estonia,EST,2020,18.049524
Estonia,EST,2021,17.871222
Eswatini,SWZ,2007,10.938716
Eswatini,SWZ,2010,12.920422
Finland,FIN,2007,24.67518
Finland,FIN,2011,24.200869
Finland,FIN,2012,25.212515
Finland,FIN,2013,25.133034
Finland,FIN,2014,25.486635
Finland,FIN,2015,25.074278
Finland,FIN,2016,25.384554
Finland,FIN,2017,25.216043
Finland,FIN,2018,26.77796
Finland,FIN,2019,27.907799
Finland,FIN,2020,23.762953
Finland,FIN,2021,24.074778
France,FRA,2006,15.345054
France,FRA,2007,19.805586
France,FRA,2008,19.299082
France,FRA,2009,19.305471
France,FRA,2010,19.433163
France,FRA,2011,19.534384
France,FRA,2012,19.538713
France,FRA,2013,19.35951
France,FRA,2014,19.39021
France,FRA,2015,19.564339
France,FRA,2016,19.993248
France,FRA,2017,20.628086
France,FRA,2018,20.88232
France,FRA,2019,22.75692
France,FRA,2020,20.333729
French Polynesia,PYF,2009,39.024986
French Polynesia,PYF,2010,37.469975
French Polynesia,PYF,2011,36.46581
French Polynesia,PYF,2012,35.779152
French Polynesia,PYF,2013,35.736126
French Polynesia,PYF,2014,36.5352
French Polynesia,PYF,2015,36.82205
French Polynesia,PYF,2016,37.251953
French Polynesia,PYF,2017,39.62927
French Polynesia,PYF,2018,41.09741
French Polynesia,PYF,2019,42.287846
French Polynesia,PYF,2020,35.456165
French Polynesia,PYF,2021,39.31267
Georgia,GEO,2000,6.307237
Georgia,GEO,2001,5.059814
Georgia,GEO,2002,5.378097
Georgia,GEO,2003,4.9688053
Georgia,GEO,2004,9.4672785
Georgia,GEO,2005,9.338982
Georgia,GEO,2006,8.682415
Georgia,GEO,2007,8.493817
Georgia,GEO,2008,10.047722
Georgia,GEO,2009,10.6151285
Georgia,GEO,2010,11.678848
Georgia,GEO,2011,13.854697
Georgia,GEO,2012,15.415227
Georgia,GEO,2013,14.123967
Georgia,GEO,2014,23.75478
Georgia,GEO,2015,24.633595
Georgia,GEO,2016,27.082897
Georgia,GEO,2017,29.34461
Germany,DEU,2009,27.054705
Germany,DEU,2010,27.419224
Germany,DEU,2011,28.432604
Germany,DEU,2012,28.051176
Germany,DEU,2013,27.230465
Germany,DEU,2014,29.441084
Germany,DEU,2015,30.231167
Germany,DEU,2016,31.553852
Germany,DEU,2017,26.066132
Germany,DEU,2018,26.369669
Germany,DEU,2019,25.731462
Germany,DEU,2020,19.340248
Germany,DEU,2021,19.351929
Ghana,GHA,2006,7.942466
Ghana,GHA,2007,8.713202
Ghana,GHA,2008,9.690743
Ghana,GHA,2009,10.578109
Ghana,GHA,2010,11.422964
Ghana,GHA,2011,9.925239
Ghana,GHA,2012,10.735284
Ghana,GHA,2013,11.648206
Ghana,GHA,2014,12.6241045
Ghana,GHA,2015,13.660407
Ghana,GHA,2016,14.919915
Ghana,GHA,2017,16.22881
Ghana,GHA,2018,17.723326
Ghana,GHA,2019,17.498993
Ghana,GHA,2020,7.2127895
Greece,GRC,2002,23.024187
Greece,GRC,2003,23.347784
Greece,GRC,2004,25.383633
Greece,GRC,2005,25.513735
Greece,GRC,2006,27.570902
Greece,GRC,2007,26.989508
Greece,GRC,2008,29.635113
Greece,GRC,2009,28.791744
Greece,GRC,2010,26.983046
Greece,GRC,2011,25.74582
Greece,GRC,2012,23.719143
Greece,GRC,2013,23.296535
Greece,GRC,2014,27.621134
Greece,GRC,2015,29.797026
Greece,GRC,2016,32.363678
Greece,GRC,2017,33.023247
Greece,GRC,2018,34.041466
Greece,GRC,2019,36.44773
Greece,GRC,2020,33.446594
Greece,GRC,2021,34.337673
Greece,GRC,2022,39.61446
Honduras,HND,2006,19.440807
Honduras,HND,2007,19.137678
Honduras,HND,2008,21.016924
Honduras,HND,2009,21.355562
Honduras,HND,2010,23.356775
Honduras,HND,2011,21.49735
Honduras,HND,2012,20.596481
Honduras,HND,2013,23.44398
Honduras,HND,2014,23.214945
Honduras,HND,2015,26.650627
Honduras,HND,2016,26.348278
Honduras,HND,2017,27.513145
Honduras,HND,2018,31.45862
Honduras,HND,2019,27.639685
Honduras,HND,2020,27.869389
Honduras,HND,2021,22.488111
Honduras,HND,2022,23.31831
Hong Kong,HKG,2000,17.152237
Hong Kong,HKG,2001,17.566538
Hong Kong,HKG,2002,20.816805
Hong Kong,HKG,2003,20.411419
Hong Kong,HKG,2004,22.357191
Hong Kong,HKG,2005,23.88368
Hong Kong,HKG,2006,25.392836
Hong Kong,HKG,2007,27.541317
Hong Kong,HKG,2008,28.059923
Hong Kong,HKG,2009,27.206593
Hong Kong,HKG,2010,30.288889
Hong Kong,HKG,2011,33.025482
Hong Kong,HKG,2012,34.82821
Hong Kong,HKG,2013,37.222977
Hong Kong,HKG,2014,37.065365
Hong Kong,HKG,2015,36.096275
Hong Kong,HKG,2016,35.070164
Hong Kong,HKG,2017,34.62778
Hong Kong,HKG,2018,34.55942
Hong Kong,HKG,2019,31.072092
Hong Kong,HKG,2020,6.5551972
Hong Kong,HKG,2021,3.006171
Hungary,HUN,2005,24.759323
Hungary,HUN,2006,31.558678
Hungary,HUN,2007,31.790247
Hungary,HUN,2008,20.561459
Hungary,HUN,2009,28.029928
Hungary,HUN,2010,29.212673
Hungary,HUN,2011,30.203762
Hungary,HUN,2012,29.76639
Hungary,HUN,2013,28.710398
Hungary,HUN,2014,31.292904
Hungary,HUN,2015,35.15861
Hungary,HUN,2016,36.168694
Hungary,HUN,2017,35.51655
Hungary,HUN,2018,34.420647
Hungary,HUN,2019,35.565987
Hungary,HUN,2020,32.551754
Hungary,HUN,2021,33.30604
Hungary,HUN,2022,34.368793
Iceland,ISL,2005,28.633797
Iceland,ISL,2006,29.287588
Iceland,ISL,2007,29.198298
Iceland,ISL,2008,39.682663
Iceland,ISL,2009,36.720974
Iceland,ISL,2010,39.288036
Iceland,ISL,2011,42.61466
Iceland,ISL,2012,46.439003
Iceland,ISL,2013,50.63432
Iceland,ISL,2014,55.569633
Iceland,ISL,2015,62.847095
Iceland,ISL,2016,74.20188
Iceland,ISL,2017,80.63178
Iceland,ISL,2018,82.752365
Iceland,ISL,2019,75.96151
Iceland,ISL,2020,52.096687
Iceland,ISL,2021,50.98659
India,IND,2013,22.621456
India,IND,2014,23.134943
India,IND,2015,23.729626
India,IND,2016,24.567686
India,IND,2017,23.315033
India,IND,2018,24.063293
India,IND,2019,21.799885
India,IND,2020,21.162859
Indonesia,IDN,2006,0.97242314
Indonesia,IDN,2007,0.84197265
Indonesia,IDN,2008,1.0309883
Indonesia,IDN,2009,1.0266424
Indonesia,IDN,2010,1.0604725
Indonesia,IDN,2011,1.1239827
Indonesia,IDN,2012,1.1602758
Indonesia,IDN,2013,1.2017864
Indonesia,IDN,2014,1.2596697
Indonesia,IDN,2015,1.272349
Indonesia,IDN,2016,1.2863368
Indonesia,IDN,2019,10.71528
Indonesia,IDN,2020,9.331737
Israel,ISR,2005,3.6910253
Israel,ISR,2006,4.4824476
Israel,ISR,2007,20.754171
Israel,ISR,2008,21.870434
Israel,ISR,2009,22.231178
Israel,ISR,2010,27.450903
Israel,ISR,2011,31.401321
Israel,ISR,2012,25.947119
Israel,ISR,2013,27.499014
Israel,ISR,2014,28.098663
Israel,ISR,2015,16.689606
Israel,ISR,2016,16.44335
Israel,ISR,2017,17.017876
Israel,ISR,2018,16.615616
Israel,ISR,2019,17.314535
Israel,ISR,2020,13.374422
Israel,ISR,2021,12.098949
Israel,ISR,2022,14.884969
Japan,JPN,2008,31.124765
Japan,JPN,2009,30.666548
Japan,JPN,2010,30.985895
Japan,JPN,2011,30.84703
Japan,JPN,2012,30.86919
Japan,JPN,2013,31.39591
Japan,JPN,2014,32.474003
Japan,JPN,2015,43.920345
Japan,JPN,2016,44.938835
Japan,JPN,2017,43.441967
Japan,JPN,2018,45.5241
Japan,JPN,2019,46.48064
Japan,JPN,2020,44.24109
Jordan,JOR,2005,4.8732944
Jordan,JOR,2006,4.83292
Jordan,JOR,2007,5.0393753
Jordan,JOR,2008,5.4315715
Jordan,JOR,2009,5.61374
Jordan,JOR,2010,5.7428718
Jordan,JOR,2011,5.7219963
Jordan,JOR,2012,5.7917795
Jordan,JOR,2013,6.0561986
Jordan,JOR,2014,5.5272493
Jordan,JOR,2015,5.1437807
Jordan,JOR,2016,5.0367923
Jordan,JOR,2017,5.0096602
Jordan,JOR,2018,4.9272103
Jordan,JOR,2019,5.0120444
Jordan,JOR,2020,3.782708
Jordan,JOR,2021,4.445908
Jordan,JOR,2022,4.8652
Kazakhstan,KAZ,2006,2.6577713
Kazakhstan,KAZ,2007,3.1678247
Kazakhstan,KAZ,2008,9.551623
Kazakhstan,KAZ,2009,10.890591
Kazakhstan,KAZ,2010,11.599586
Kazakhstan,KAZ,2011,7.330366
Kazakhstan,KAZ,2012,5.6685166
Kazakhstan,KAZ,2013,5.7471585
Kazakhstan,KAZ,2014,6.078708
Kazakhstan,KAZ,2015,6.1545525
Kazakhstan,KAZ,2016,6.2024875
Kazakhstan,KAZ,2017,6.2352796
Kazakhstan,KAZ,2018,6.3118224
Kazakhstan,KAZ,2019,6.3301826
Kazakhstan,KAZ,2020,6.056837
Kazakhstan,KAZ,2021,5.9310336
Kazakhstan,KAZ,2022,6.3240557
Kiribati,KIR,2017,3.8407822
Kiribati,KIR,2019,4.0346007
Kiribati,KIR,2021,2.3366852
Kyrgyzstan,KGZ,2008,1.5017229
Kyrgyzstan,KGZ,2009,1.5079623
Kyrgyzstan,KGZ,2010,1.336183
Kyrgyzstan,KGZ,2011,1.3865312
Kyrgyzstan,KGZ,2012,1.3743476
Kyrgyzstan,KGZ,2013,1.3454553
Kyrgyzstan,KGZ,2014,1.4580418
Kyrgyzstan,KGZ,2015,1.4162239
Kyrgyzstan,KGZ,2016,2.7175426
Kyrgyzstan,KGZ,2017,3.183204
Kyrgyzstan,KGZ,2018,3.232555
Kyrgyzstan,KGZ,2019,3.0643501
Kyrgyzstan,KGZ,2020,1.2454715
Kyrgyzstan,KGZ,2021,2.5804625
Kyrgyzstan,KGZ,2022,2.9040546
Latvia,LVA,2011,30.243599
Latvia,LVA,2012,35.38711
Latvia,LVA,2013,34.525517
Latvia,LVA,2014,37.559807
Latvia,LVA,2015,37.31279
Latvia,LVA,2016,40.615086
Latvia,LVA,2017,38.81398
Latvia,LVA,2018,39.998215
Latvia,LVA,2019,39.492924
Latvia,LVA,2020,35.92621
Latvia,LVA,2021,32.456635
Latvia,LVA,2022,33.70442
Lebanon,LBN,2011,63.912647
Lithuania,LTU,2005,10.980765
Lithuania,LTU,2006,12.626426
Lithuania,LTU,2007,14.4829855
Lithuania,LTU,2008,13.819056
Lithuania,LTU,2009,13.182624
Lithuania,LTU,2010,13.170973
Lithuania,LTU,2011,13.339312
Lithuania,LTU,2012,13.519238
Lithuania,LTU,2013,14.230863
Lithuania,LTU,2014,15.716779
Lithuania,LTU,2015,15.933809
Lithuania,LTU,2016,16.4511
Lithuania,LTU,2017,16.717815
Lithuania,LTU,2018,17.484482
Lithuania,LTU,2019,18.389606
Lithuania,LTU,2020,15.881158
Lithuania,LTU,2021,16.282042
Macao,MAC,2005,51.673744
Macao,MAC,2006,51.083828
Macao,MAC,2007,174.84267
Macao,MAC,2008,180.78871
Macao,MAC,2009,179.18187
Macao,MAC,2010,181.35637
Macao,MAC,2011,197.08536
Macao,MAC,2012,214.27016
Macao,MAC,2013,221.62766
Macao,MAC,2014,229.39238
Macao,MAC,2015,234.01399
Macao,MAC,2016,237.4554
Macao,MAC,2017,235.24571
Macao,MAC,2018,236.65063
Macao,MAC,2019,236.81708
Macao,MAC,2020,211.98444
Macao,MAC,2021,197.86752
Madagascar,MDG,1995,0.95044726
Madagascar,MDG,1996,0.9446125
Madagascar,MDG,1997,0.9325042
Madagascar,MDG,1998,0.92728144
Madagascar,MDG,1999,0.9733442
Madagascar,MDG,2000,1.020747
Madagascar,MDG,2001,1.0311788
Madagascar,MDG,2002,1.002512
Madagascar,MDG,2003,1.0286711
Madagascar,MDG,2004,1.0665567
Madagascar,MDG,2005,1.10581
Madagascar,MDG,2006,1.1318278
Madagascar,MDG,2007,1.1933407
Madagascar,MDG,2008,1.2264478
Madagascar,MDG,2009,1.266935
Madagascar,MDG,2010,1.3248229
Madagascar,MDG,2011,1.3673904
Madagascar,MDG,2012,1.4629763
Madagascar,MDG,2013,1.5222348
Madagascar,MDG,2014,1.5344635
Madagascar,MDG,2015,1.5489228
Madagascar,MDG,2016,1.5749838
Madagascar,MDG,2017,1.6605334
Madagascar,MDG,2018,1.6730357
Madagascar,MDG,2019,1.6796861
Madagascar,MDG,2020,1.3987917
Madagascar,MDG,2021,1.7150601
Malaysia,MYS,2010,73.09871
Malaysia,MYS,2011,84.98721
Malaysia,MYS,2012,86.49207
Malaysia,MYS,2013,88.68483
Malaysia,MYS,2014,93.16809
Malaysia,MYS,2015,92.8127
Malaysia,MYS,2016,100.08905
Malaysia,MYS,2017,102.25728
Malaysia,MYS,2018,105.46941
Malaysia,MYS,2019,106.51128
Malaysia,MYS,2020,102.02259
Malaysia,MYS,2021,102.680954
Mali,MLI,2012,1.695697
Mali,MLI,2013,1.7802794
Mali,MLI,2014,1.7549684
Martinique,MTQ,2006,25.458286
Martinique,MTQ,2011,26.717287
Martinique,MTQ,2012,26.910637
Martinique,MTQ,2013,27.067553
Martinique,MTQ,2014,27.238409
Martinique,MTQ,2018,32.414173
Martinique,MTQ,2019,32.817883
Martinique,MTQ,2020,33.368385
Martinique,MTQ,2021,33.683758
Martinique,MTQ,2022,34.05234
Mauritius,MUS,2006,20.413282
Mauritius,MUS,2007,20.952768
Mauritius,MUS,2008,22.830065
Mauritius,MUS,2009,21.657951
Mauritius,MUS,2010,21.626867
Mauritius,MUS,2011,22.241055
Mauritius,MUS,2012,22.63232
Mauritius,MUS,2013,22.787973
Mauritius,MUS,2014,22.934105
Mauritius,MUS,2015,22.931509
Mauritius,MUS,2016,23.843346
Mauritius,MUS,2017,24.084688
Mauritius,MUS,2018,24.337463
Mauritius,MUS,2019,24.528307
Mauritius,MUS,2020,25.13421
Mauritius,MUS,2021,21.77039
Mauritius,MUS,2022,21.648197
Mexico,MEX,1995,24.56174
Mexico,MEX,1996,23.70358
Mexico,MEX,1997,23.905756
Mexico,MEX,1998,24.36449
Mexico,MEX,1999,24.267185
Mexico,MEX,2000,24.65062
Mexico,MEX,2001,24.200237
Mexico,MEX,2002,23.276611
Mexico,MEX,2003,22.859196
Mexico,MEX,2004,23.050808
Mexico,MEX,2005,22.931845
Mexico,MEX,2006,22.763361
Mexico,MEX,2007,22.703255
Mexico,MEX,2008,22.44203
Mexico,MEX,2009,21.698483
Mexico,MEX,2010,21.492424
Mexico,MEX,2011,21.381588
Mexico,MEX,2012,21.370453
Mexico,MEX,2013,21.408768
Mexico,MEX,2014,21.104008
Mexico,MEX,2015,21.05251
Mexico,MEX,2016,21.036587
Mexico,MEX,2017,20.80196
Mexico,MEX,2018,20.24761
Mexico,MEX,2019,20.751846
Mexico,MEX,2020,18.349585
Mexico,MEX,2021,19.740004
Moldova,MDA,2008,0.8466722
Moldova,MDA,2009,0.7824701
Moldova,MDA,2010,0.79846036
Moldova,MDA,2011,0.8152301
Moldova,MDA,2012,0.8901321
Moldova,MDA,2013,0.88009036
Moldova,MDA,2014,0.92738986
Moldova,MDA,2015,0.943061
Moldova,MDA,2016,0.95744085
Moldova,MDA,2017,0.9707218
Moldova,MDA,2018,1.0146557
Moldova,MDA,2019,1.0923481
Moldova,MDA,2020,0.8145618
Moldova,MDA,2021,0.85985094
Moldova,MDA,2022,0.8552671
Monaco,MCO,2013,166.30962
Monaco,MCO,2014,160.42041
Monaco,MCO,2015,152.23596
Monaco,MCO,2016,147.44913
Monaco,MCO,2017,201.5915
Monaco,MCO,2018,204.3008
Monaco,MCO,2019,207.18051
Monaco,MCO,2020,189.10542
Monaco,MCO,2021,186.78012
Monaco,MCO,2022,201.48909
Mongolia,MNG,2009,27.22249
Mongolia,MNG,2010,29.096075
Mongolia,MNG,2011,24.230442
Mongolia,MNG,2012,17.357054
Mongolia,MNG,2013,17.926727
Mongolia,MNG,2014,18.570627
Mongolia,MNG,2015,19.05576
Mongolia,MNG,2016,16.110813
Mongolia,MNG,2017,17.439281
Mongolia,MNG,2018,17.339949
Mongolia,MNG,2019,18.867195
Mongolia,MNG,2020,14.87517
Mongolia,MNG,2021,14.533146
Mongolia,MNG,2022,12.8064995
Montenegro,MNE,2005,17.348543
Montenegro,MNE,2006,17.353552
Montenegro,MNE,2007,17.366922
Montenegro,MNE,2008,23.702112
Montenegro,MNE,2009,25.298643
Montenegro,MNE,2010,20.566757
Montenegro,MNE,2011,18.966665
Montenegro,MNE,2012,20.519426
Montenegro,MNE,2013,22.109953
Montenegro,MNE,2014,22.173758
Montenegro,MNE,2015,22.9135
Montenegro,MNE,2016,23.522778
Montenegro,MNE,2017,24.189178
Montenegro,MNE,2018,26.02152
Montenegro,MNE,2019,29.999788
Montenegro,MNE,2020,21.918497
Montenegro,MNE,2021,25.206425
Montenegro,MNE,2022,35.096455
Morocco,MAR,2008,12.086019
Morocco,MAR,2009,12.862628
Morocco,MAR,2010,13.336615
Morocco,MAR,2011,13.976417
Morocco,MAR,2012,14.5404415
Morocco,MAR,2013,14.79834
Morocco,MAR,2014,14.764017
Morocco,MAR,2015,14.649965
Morocco,MAR,2016,14.70443
Morocco,MAR,2017,15.008578
Morocco,MAR,2018,15.290281
Morocco,MAR,2019,15.603034
Mozambique,MOZ,2010,1.4652662
Mozambique,MOZ,2011,1.7759702
Mozambique,MOZ,2012,1.8612984
Mozambique,MOZ,2016,1.6058758
Namibia,NAM,2011,10.203459
Namibia,NAM,2012,21.916874
Namibia,NAM,2013,18.423933
Namibia,NAM,2014,16.39172
Namibia,NAM,2015,18.826561
Namibia,NAM,2016,17.382612
Netherlands,NLD,2019,38.585876
New Zealand,NZL,2000,23.268497
New Zealand,NZL,2001,23.626823
New Zealand,NZL,2002,24.360207
New Zealand,NZL,2003,25.12812
New Zealand,NZL,2004,26.028965
New Zealand,NZL,2005,26.053192
New Zealand,NZL,2006,22.214554
New Zealand,NZL,2007,38.85141
New Zealand,NZL,2008,39.368168
New Zealand,NZL,2009,37.622807
New Zealand,NZL,2010,36.621105
New Zealand,NZL,2011,36.62127
New Zealand,NZL,2012,36.584686
New Zealand,NZL,2013,36.55259
New Zealand,NZL,2014,35.23786
New Zealand,NZL,2015,36.35863
New Zealand,NZL,2016,36.459908
New Zealand,NZL,2017,38.044785
New Zealand,NZL,2018,37.850655
New Zealand,NZL,2019,38.14078
New Zealand,NZL,2020,37.949505
New Zealand,NZL,2021,34.2033
New Zealand,NZL,2022,33.867714
Nicaragua,NIC,2010,6.10027
Nicaragua,NIC,2011,6.358425
Nicaragua,NIC,2012,7.2865424
Nicaragua,NIC,2013,8.021588
Nicaragua,NIC,2014,7.9123144
Nicaragua,NIC,2015,7.7243094
Nicaragua,NIC,2016,8.455454
Nicaragua,NIC,2017,8.913538
Nicaragua,NIC,2018,8.203031
Nicaragua,NIC,2019,7.279839
Nicaragua,NIC,2020,7.1893497
Nicaragua,NIC,2021,7.2237535
Nicaragua,NIC,2022,6.74525
Nigeria,NGA,2014,4.741875
Nigeria,NGA,2015,5.67939
Nigeria,NGA,2016,7.3136153
Nigeria,NGA,2017,7.280233
Nigeria,NGA,2018,7.2558265
Nigeria,NGA,2019,7.2401147
Nigeria,NGA,2020,1.7677885
Nigeria,NGA,2021,1.7901491
Nigeria,NGA,2022,1.8153634
Norway,NOR,2006,28.301764
Norway,NOR,2007,29.30548
Norway,NOR,2008,29.550573
Norway,NOR,2009,29.822155
Norway,NOR,2010,29.493818
Norway,NOR,2011,30.587713
Norway,NOR,2012,30.487482
Norway,NOR,2013,30.294523
Norway,NOR,2014,30.540758
Norway,NOR,2015,30.675692
Norway,NOR,2016,31.035295
Norway,NOR,2017,33.29665
Norway,NOR,2018,33.698868
Norway,NOR,2019,34.18271
Norway,NOR,2020,30.803408
Palestine,PSE,2007,2.8367321
Palestine,PSE,2009,3.9783282
Palestine,PSE,2010,3.998588
Palestine,PSE,2011,3.883708
Palestine,PSE,2012,5.4800134
Palestine,PSE,2013,4.9127946
Palestine,PSE,2014,6.0010595
Palestine,PSE,2015,4.7992244
Palestine,PSE,2016,6.1734486
Palestine,PSE,2017,7.1688414
Palestine,PSE,2018,7.1949964
Palestine,PSE,2019,8.390864
Palestine,PSE,2020,7.160198
Palestine,PSE,2021,7.868335
Panama,PAN,1998,19.727236
Panama,PAN,1999,23.72909
Panama,PAN,2000,27.934717
Panama,PAN,2001,28.464806
Panama,PAN,2002,29.784527
Panama,PAN,2003,30.522165
Panama,PAN,2004,32.23928
Panama,PAN,2005,33.7284
Panama,PAN,2006,33.147022
Panama,PAN,2007,34.622063
Panama,PAN,2008,36.45927
Panama,PAN,2009,36.018578
Panama,PAN,2010,35.764
Panama,PAN,2011,35.389114
Panama,PAN,2012,35.10876
Panama,PAN,2013,34.77684
Panama,PAN,2014,34.409958
Panama,PAN,2015,34.047436
Panama,PAN,2016,33.710384
Panama,PAN,2017,33.687965
Panama,PAN,2018,33.361965
Panama,PAN,2019,33.206146
Panama,PAN,2020,32.81261
Panama,PAN,2021,32.55228
Panama,PAN,2022,32.221596
Paraguay,PRY,2006,0.67845625
Paraguay,PRY,2007,0.6910836
Paraguay,PRY,2008,0.8025186
Paraguay,PRY,2009,0.8601289
Paraguay,PRY,2010,0.97944
Paraguay,PRY,2011,1.2898495
Paraguay,PRY,2012,1.3396617
Paraguay,PRY,2013,1.5044011
Paraguay,PRY,2014,1.5980707
Paraguay,PRY,2015,1.721029
Paraguay,PRY,2016,1.808252
Paraguay,PRY,2017,1.7984879
Paraguay,PRY,2018,1.6803108
Paraguay,PRY,2019,1.8725847
Paraguay,PRY,2020,1.4840074
Paraguay,PRY,2021,1.4212655
Paraguay,PRY,2022,1.4939811
Peru,PER,2003,1.4503008
Peru,PER,2004,1.4361528
Peru,PER,2005,1.4590137
Peru,PER,2006,1.5534261
Peru,PER,2007,1.6823981
Peru,PER,2008,1.8802859
Peru,PER,2009,1.9725355
Peru,PER,2010,2.0972273
Peru,PER,2011,2.2863708
Peru,PER,2012,2.57188
Peru,PER,2013,2.817099
Peru,PER,2014,2.722821
Peru,PER,2015,2.85643
Peru,PER,2016,3.0453732
Peru,PER,2017,3.3200703
Peru,PER,2018,3.2604344
Peru,PER,2019,3.3282688
Peru,PER,2020,2.314351
Peru,PER,2021,2.3826842
Peru,PER,2022,2.6287932
Philippines,PHL,2000,33.14269
Philippines,PHL,2001,33.46376
Philippines,PHL,2002,33.694923
Philippines,PHL,2003,34.6977
Philippines,PHL,2004,35.61569
Philippines,PHL,2005,35.6299
Philippines,PHL,2006,38.53244
Philippines,PHL,2007,38.967808
Philippines,PHL,2008,39.28841
Philippines,PHL,2009,41.44759
Philippines,PHL,2010,42.828762
Philippines,PHL,2011,43.42046
Philippines,PHL,2012,45.53009
Philippines,PHL,2013,46.13214
Philippines,PHL,2014,46.440525
Philippines,PHL,2015,47.202156
Philippines,PHL,2016,48.943314
Philippines,PHL,2017,48.73303
Philippines,PHL,2018,49.01097
Philippines,PHL,2019,51.613342
Philippines,PHL,2020,41.76434
Philippines,PHL,2021,43.27992
Philippines,PHL,2022,46.944508
Poland,POL,2005,15.924194
Poland,POL,2006,16.484915
Poland,POL,2008,18.075634
Poland,POL,2010,1.939869
Portugal,PRT,2005,37.703632
Portugal,PRT,2006,38.582027
Portugal,PRT,2007,38.95486
Portugal,PRT,2008,39.794357
Portugal,PRT,2011,32.423264
Portugal,PRT,2012,30.904139
Portugal,PRT,2013,30.643164
Portugal,PRT,2014,31.625368
Portugal,PRT,2015,35.958584
Portugal,PRT,2016,37.675022
Portugal,PRT,2017,41.00345
Portugal,PRT,2018,44.5021
Portugal,PRT,2019,41.71816
Portugal,PRT,2020,38.89005
Portugal,PRT,2021,38.05944
Puerto Rico,PRI,2016,24.568413
Puerto Rico,PRI,2017,24.585705
Puerto Rico,PRI,2018,24.042057
Puerto Rico,PRI,2019,25.699303
Puerto Rico,PRI,2020,18.346663
Reunion,REU,2005,11.684185
Reunion,REU,2006,11.234855
Reunion,REU,2007,12.253139
Reunion,REU,2008,12.283021
Reunion,REU,2009,12.574048
Reunion,REU,2010,13.008005
Reunion,REU,2011,13.395293
Reunion,REU,2012,13.371799
Reunion,REU,2013,13.921661
Reunion,REU,2014,13.74207
Reunion,REU,2015,14.566205
Reunion,REU,2016,15.066157
Reunion,REU,2017,15.603876
Reunion,REU,2018,14.586683
Reunion,REU,2019,17.3796
Reunion,REU,2020,17.992878
Romania,ROU,2005,16.0772
Romania,ROU,2006,16.839157
Romania,ROU,2007,18.328457
Romania,ROU,2008,19.27723
Romania,ROU,2009,19.00673
Romania,ROU,2010,18.406881
Romania,ROU,2011,19.60358
Romania,ROU,2014,17.496588
Romania,ROU,2015,17.248991
Romania,ROU,2016,18.79431
Romania,ROU,2017,18.944199
Romania,ROU,2018,24.431221
Romania,ROU,2019,24.649332
Romania,ROU,2020,23.503971
Russia,RUS,2008,3.8886368
Russia,RUS,2009,3.5317166
Russia,RUS,2010,3.4956393
Russia,RUS,2011,3.4655373
Russia,RUS,2012,3.4084032
Russia,RUS,2013,3.3114135
Russia,RUS,2014,3.4569452
Russia,RUS,2015,9.210804
San Marino,SMR,2001,21.786331
San Marino,SMR,2002,21.406506
San Marino,SMR,2003,20.810162
San Marino,SMR,2004,21.360254
San Marino,SMR,2005,21.083916
San Marino,SMR,2006,21.922255
San Marino,SMR,2007,25.022158
San Marino,SMR,2008,26.916994
San Marino,SMR,2010,27.375359
San Marino,SMR,2011,26.992607
San Marino,SMR,2012,26.571924
San Marino,SMR,2013,27.644838
San Marino,SMR,2014,27.967884
San Marino,SMR,2015,29.298199
San Marino,SMR,2016,29.250029
San Marino,SMR,2017,29.065542
San Marino,SMR,2018,28.937696
San Marino,SMR,2019,28.840054
San Marino,SMR,2020,33.624554
San Marino,SMR,2021,40.463596
Sao Tome and Principe,STP,2016,9.003348
Saudi Arabia,SAU,2004,16.956213
Saudi Arabia,SAU,2005,16.161276
Saudi Arabia,SAU,2006,16.56893
Saudi Arabia,SAU,2007,19.069878
Saudi Arabia,SAU,2008,20.03282
Saudi Arabia,SAU,2009,25.456015
Saudi Arabia,SAU,2010,25.015131
Saudi Arabia,SAU,2011,24.107668
Saudi Arabia,SAU,2012,25.796412
Saudi Arabia,SAU,2013,28.439539
Saudi Arabia,SAU,2014,28.694956
Saudi Arabia,SAU,2015,15.921631
Saudi Arabia,SAU,2016,16.838053
Saudi Arabia,SAU,2017,17.412167
Saudi Arabia,SAU,2018,18.195219
Saudi Arabia,SAU,2019,18.742939
Saudi Arabia,SAU,2020,21.926865
Saudi Arabia,SAU,2021,24.353323
Saudi Arabia,SAU,2022,27.35448
Senegal,SEN,2010,7.9142613
Senegal,SEN,2011,7.716703
Senegal,SEN,2012,7.5128665
Senegal,SEN,2013,7.29349
Senegal,SEN,2014,7.0660877
Senegal,SEN,2015,6.852443
Senegal,SEN,2016,6.651361
Senegal,SEN,2017,6.462035
Serbia,SRB,2006,11.822039
Serbia,SRB,2007,10.370178
Serbia,SRB,2008,11.912611
Serbia,SRB,2009,10.383354
Serbia,SRB,2010,20.660173
Serbia,SRB,2011,18.194513
Serbia,SRB,2012,17.407038
Serbia,SRB,2013,17.536667
Serbia,SRB,2014,18.734772
Serbia,SRB,2015,21.595995
Serbia,SRB,2016,21.484453
Serbia,SRB,2017,22.605476
Serbia,SRB,2018,23.48998
Serbia,SRB,2019,23.312717
Serbia,SRB,2020,21.482918
Serbia,SRB,2021,21.856712
Serbia,SRB,2022,23.515675
Sierra Leone,SLE,2007,0.44926795
Sierra Leone,SLE,2008,0.54930437
Sierra Leone,SLE,2009,0.4854966
Sierra Leone,SLE,2010,0.58656067
Sierra Leone,SLE,2011,0.7338047
Sierra Leone,SLE,2012,0.9134374
Sierra Leone,SLE,2013,1.5489889
Sierra Leone,SLE,2014,0.88316756
Sierra Leone,SLE,2015,0.6252078
Sierra Leone,SLE,2017,4.8378572
Sierra Leone,SLE,2018,5.1094913
Sierra Leone,SLE,2019,4.9663773
Sierra Leone,SLE,2020,5.09317
Sierra Leone,SLE,2021,5.089811
Slovakia,SVK,2005,16.887691
Slovakia,SVK,2006,16.17063
Slovakia,SVK,2007,16.90536
Slovakia,SVK,2008,17.27046
Slovakia,SVK,2009,18.458427
Slovakia,SVK,2010,17.563522
Slovakia,SVK,2011,19.803246
Slovakia,SVK,2012,21.295582
Slovakia,SVK,2013,20.682306
Slovakia,SVK,2014,22.565952
Slovakia,SVK,2015,22.913954
Slovakia,SVK,2016,23.363531
Slovakia,SVK,2017,24.41267
Slovakia,SVK,2018,25.077026
Slovakia,SVK,2019,26.05205
Slovenia,SVN,1998,22.667873
Slovenia,SVN,1999,24.078865
Slovenia,SVN,2000,22.699625
Slovenia,SVN,2001,22.516138
Slovenia,SVN,2002,22.595228
Slovenia,SVN,2003,22.785458
Slovenia,SVN,2004,22.974115
Slovenia,SVN,2005,23.63646
Slovenia,SVN,2006,24.212276
Slovenia,SVN,2007,25.02285
Slovenia,SVN,2008,26.171677
Slovenia,SVN,2009,25.849745
Slovenia,SVN,2010,24.765102
Slovenia,SVN,2011,24.587503
Slovenia,SVN,2012,24.04445
Slovenia,SVN,2013,23.584309
Slovenia,SVN,2014,24.339352
Slovenia,SVN,2015,25.000656
Slovenia,SVN,2016,26.244568
Slovenia,SVN,2017,27.201187
Slovenia,SVN,2018,28.122952
Slovenia,SVN,2019,28.414572
Slovenia,SVN,2020,24.82852
Slovenia,SVN,2021,26.70127
Slovenia,SVN,2022,27.32562
South Africa,ZAF,2005,10.252265
South Africa,ZAF,2006,11.074643
South Africa,ZAF,2007,11.274353
South Africa,ZAF,2008,11.8752775
South Africa,ZAF,2009,10.70976
South Africa,ZAF,2010,10.837909
South Africa,ZAF,2011,11.753892
South Africa,ZAF,2012,12.018764
South Africa,ZAF,2013,12.050377
South Africa,ZAF,2014,12.384243
South Africa,ZAF,2015,11.203463
South Africa,ZAF,2016,11.011264
South Africa,ZAF,2017,9.992165
South Africa,ZAF,2018,10.637571
South Africa,ZAF,2019,13.091588
South Africa,ZAF,2020,7.587219
South Korea,KOR,2011,4.164662
South Korea,KOR,2012,4.631088
South Korea,KOR,2013,4.5375414
South Korea,KOR,2014,4.558851
South Korea,KOR,2015,4.6210656
South Korea,KOR,2016,5.1054783
South Korea,KOR,2017,5.44417
South Korea,KOR,2018,5.1819396
South Korea,KOR,2019,5.323768
South Korea,KOR,2020,3.6811721
South Korea,KOR,2021,3.764822
Spain,ESP,1996,39.13456
Spain,ESP,1997,40.50295
Spain,ESP,1998,41.510426
Spain,ESP,1999,43.43073
Spain,ESP,2000,46.76681
Spain,ESP,2001,47.42285
Spain,ESP,2002,49.691776
Spain,ESP,2003,50.88123
Spain,ESP,2004,51.74647
Spain,ESP,2005,53.357044
Spain,ESP,2006,55.89404
Spain,ESP,2007,56.5897
Spain,ESP,2008,56.73963
Spain,ESP,2009,46.284798
Spain,ESP,2010,45.94412
Spain,ESP,2011,45.978558
Spain,ESP,2012,44.174797
Spain,ESP,2013,44.46279
Spain,ESP,2014,47.154007
Spain,ESP,2015,49.745434
Spain,ESP,2016,52.378666
Spain,ESP,2017,53.571053
Spain,ESP,2018,55.312046
Spain,ESP,2019,56.361614
Spain,ESP,2020,48.945583
Spain,ESP,2021,49.596035
Spain,ESP,2022,55.06668
Sri Lanka,LKA,2008,2.4870358
Sri Lanka,LKA,2009,2.5086675
Sri Lanka,LKA,2010,2.6353157
Sri Lanka,LKA,2011,2.7505283
Sri Lanka,LKA,2012,3.2027268
Sri Lanka,LKA,2013,5.267143
Sri Lanka,LKA,2014,6.023449
Sri Lanka,LKA,2015,6.2554145
Sri Lanka,LKA,2016,6.6686406
Sri Lanka,LKA,2017,7.0795164
Sri Lanka,LKA,2018,7.594577
Sri Lanka,LKA,2019,7.745994
Sri Lanka,LKA,2020,7.80035
Sri Lanka,LKA,2021,7.8192534
Sri Lanka,LKA,2022,8.342469
Sweden,SWE,2015,13.8782835
Sweden,SWE,2016,13.947
Sweden,SWE,2017,28.276382
Sweden,SWE,2018,28.20528
Sweden,SWE,2019,27.677467
Sweden,SWE,2020,23.60513
Sweden,SWE,2021,22.801167
Switzerland,CHE,2001,20.914843
Switzerland,CHE,2002,20.621168
Switzerland,CHE,2003,20.3285
Switzerland,CHE,2004,20.26012
Switzerland,CHE,2005,20.190397
Switzerland,CHE,2006,20.354162
Switzerland,CHE,2007,20.67675
Switzerland,CHE,2008,20.767479
Switzerland,CHE,2009,20.42063
Switzerland,CHE,2010,20.438395
Switzerland,CHE,2011,19.43239
Switzerland,CHE,2012,19.655134
Switzerland,CHE,2013,20.201727
Switzerland,CHE,2014,20.351685
Switzerland,CHE,2015,19.932873
Switzerland,CHE,2016,19.87441
Switzerland,CHE,2017,20.030972
Switzerland,CHE,2018,20.491701
Switzerland,CHE,2019,20.311167
Switzerland,CHE,2020,17.373875
Switzerland,CHE,2021,18.156809
Taiwan,TWN,2010,5.8689165
Taiwan,TWN,2011,6.230375
Taiwan,TWN,2012,6.6264133
Taiwan,TWN,2013,6.854033
Taiwan,TWN,2014,7.314846
Taiwan,TWN,2015,7.871051
Taiwan,TWN,2016,8.356603
Taiwan,TWN,2017,4.261
Taiwan,TWN,2018,4.294293
Taiwan,TWN,2019,4.443668
Taiwan,TWN,2020,4.3484764
Taiwan,TWN,2021,4.2490277
Taiwan,TWN,2022,4.3424225
Tajikistan,TJK,2012,2.320913
Tajikistan,TJK,2013,2.3610358
Tajikistan,TJK,2015,2.4063382
Tajikistan,TJK,2016,2.413818
Tajikistan,TJK,2017,2.432329
Tajikistan,TJK,2018,2.5678644
Thailand,THA,2013,58.263203
Thailand,THA,2014,58.24141
Thailand,THA,2015,59.087803
Thailand,THA,2016,60.086224
Trinidad and Tobago,TTO,2012,19.945662
Trinidad and Tobago,TTO,2013,19.466848
Trinidad and Tobago,TTO,2014,19.35073
Trinidad and Tobago,TTO,2015,19.241669
Trinidad and Tobago,TTO,2016,19.832558
Trinidad and Tobago,TTO,2017,16.259995
Trinidad and Tobago,TTO,2018,15.98072
Trinidad and Tobago,TTO,2019,34.884552
Trinidad and Tobago,TTO,2020,26.73822
Trinidad and Tobago,TTO,2021,29.642775
Trinidad and Tobago,TTO,2022,36.29866
Turkey,TUR,2012,14.628205
Turkey,TUR,2013,16.07266
Turkey,TUR,2014,15.992587
Turkey,TUR,2015,17.09696
Turkey,TUR,2016,17.697037
Turkey,TUR,2017,18.270739
Turkey,TUR,2018,19.498682
Turkey,TUR,2019,19.611595
Turkey,TUR,2020,15.739034
Turkey,TUR,2021,16.577023
Turkey,TUR,2022,19.389269
Uganda,UGA,2010,14.099682
Uganda,UGA,2011,14.609705
Uganda,UGA,2012,13.8595085
Uganda,UGA,2013,15.59553
Uganda,UGA,2014,16.279467
Uganda,UGA,2015,31.253794
Uganda,UGA,2019,13.337485
Uganda,UGA,2021,13.304152
Uganda,UGA,2022,12.909975
United Arab Emirates,ARE,2017,25.881683
United Arab Emirates,ARE,2018,62.03146
United Arab Emirates,ARE,2019,67.712715
United Arab Emirates,ARE,2020,46.78559
United Arab Emirates,ARE,2021,51.971718
United Kingdom,GBR,2007,44.315624
United Kingdom,GBR,2008,44.226654
United Kingdom,GBR,2009,42.37005
United Kingdom,GBR,2010,41.622
United Kingdom,GBR,2011,42.068604
United Kingdom,GBR,2012,42.361427
United Kingdom,GBR,2013,42.07065
United Kingdom,GBR,2014,44.73844
United Kingdom,GBR,2015,42.77623
United Kingdom,GBR,2016,41.62635
United States,USA,1998,21.76343
United States,USA,1999,21.977116
United States,USA,2000,22.162355
United States,USA,2001,21.250748
United States,USA,2002,20.592646
United States,USA,2003,20.066736
United States,USA,2004,20.105011
United States,USA,2005,19.985476
United States,USA,2006,19.756577
United States,USA,2007,18.540947
United States,USA,2008,17.801382
United States,USA,2009,15.947857
United States,USA,2010,15.798896
United States,USA,2011,16.254673
United States,USA,2012,16.548002
United States,USA,2013,17.050653
United States,USA,2014,17.245413
United States,USA,2015,17.442497
United States,USA,2016,17.587025
United States,USA,2017,17.56385
United States,USA,2018,18.214838
United States,USA,2019,17.96974
United States,USA,2020,11.451344
United States Virgin Islands,VIR,2000,79.74878
United States Virgin Islands,VIR,2001,83.106834
United States Virgin Islands,VIR,2002,82.170555
United States Virgin Islands,VIR,2003,77.44994
United States Virgin Islands,VIR,2004,80.880104
United States Virgin Islands,VIR,2005,80.79203
United States Virgin Islands,VIR,2006,79.9624
United States Virgin Islands,VIR,2007,81.855316
United States Virgin Islands,VIR,2008,81.17153
United States Virgin Islands,VIR,2009,75.28543
United States Virgin Islands,VIR,2010,78.21303
United States Virgin Islands,VIR,2011,80.35257
United States Virgin Islands,VIR,2012,79.50569
United States Virgin Islands,VIR,2013,79.511086
United States Virgin Islands,VIR,2014,80.09841
United States Virgin Islands,VIR,2015,81.38573
United States Virgin Islands,VIR,2016,86.20073
United States Virgin Islands,VIR,2017,77.07834
United States Virgin Islands,VIR,2018,55.168602
Uruguay,URY,2008,36.94352
Uruguay,URY,2009,38.31584
Uruguay,URY,2010,40.25817
Uruguay,URY,2011,44.186222
Uruguay,URY,2012,28.722141
Uruguay,URY,2013,29.86248
Uruguay,URY,2014,32.505615
Uruguay,URY,2015,32.48197
Uruguay,URY,2016,33.439087
Uruguay,URY,2017,33.45193
Uruguay,URY,2018,33.922142
Uruguay,URY,2019,37.207047
Uzbekistan,UZB,2014,1.3995966
Uzbekistan,UZB,2015,1.3821431
Uzbekistan,UZB,2016,1.4479984
Uzbekistan,UZB,2017,1.5588087
Uzbekistan,UZB,2018,1.5444736
Uzbekistan,UZB,2019,1.5531765
Zambia,ZMB,2012,2.9699006
Zambia,ZMB,2013,3.7234235
Zambia,ZMB,2014,3.58615
Zambia,ZMB,2015,3.4969618
Zambia,ZMB,2016,3.4763813
Zambia,ZMB,2017,3.287995
Zambia,ZMB,2018,3.2213404
Zambia,ZMB,2019,3.1394894
Zambia,ZMB,2020,4.8324203